,0,1,2,3,4,5,6,7,8,9,10,11,12,13,14,15,16,17,18,19,20,21,22,23,24,25,26,27,28,29,30,31,32,33,34,35,36,37,38,39,40,41,42,43,44,45,46,47,48,49,50,51,52,53,54,55,56,57,58,59,60,61,62,63,64,65
0,-343.4611865282059,-335.299833714962,-8.491172764912847e-10,-311.5110556781292,-328.3129982948303,-0.013162404298782349,-286.55030658841133,-300.37247228622437,-0.02385392040014267,-281.5592759549618,-271.43307703733444,-0.03718547523021698,-281.5575735569,-249.47859835624695,-0.04878558963537216,-281.53143310546875,-249.42404276132584,-0.0031113445293158293,-281.5381632745266,-248.47989612817764,-0.01812022365629673,-281.53385281562805,-248.44245809316635,-0.02137794718146324,-281.53059247136116,-248.40356969833374,-0.022371061146259308,-281.50286611914635,-248.42806178331375,-0.009928294457495213,-281.5146626830101,-248.47280073165894,-0.03874925523996353,-281.509231954813,-248.41477346420288,-0.049827754497528076,-281.50164526700974,-248.37342828512192,-0.049238890409469604,-281.4742488861084,-248.42540514469147,-0.01876571774482727,-281.4857643842697,-248.45820474624634,-0.04417665675282478,-281.4809748530388,-248.39815932512283,-0.045959338545799255,-281.4742333292961,-248.35897815227509,-0.039875227957963943,-281.44410759210587,-248.41722297668457,-0.029812177643179893,-281.4587731361389,-248.44780778884888,-0.04191097244620323,-281.4595775604248,-248.40797102451324,-0.040437329560518265,-281.4556855559349,-248.37842375040054,-0.035649895668029785,a,,
1,-349.45203882455826,-332.3042557835579,-1.7400427765323911e-09,-318.5011860728264,-327.3155999183655,-0.014963658526539803,-293.53985610604286,-296.3793289065361,-0.026230046525597572,-287.5488660931587,-266.44281381368637,-0.03945864737033844,-287.54822462797165,-244.48862785100937,-0.0508214607834816,-287.5204147994518,-244.42892450094223,-0.007465616799890995,-287.52793550491333,-244.4840670824051,-0.021994002163410187,-287.5227086544037,-244.44205898046494,-0.023786308243870735,-287.51823392510414,-244.40094649791718,-0.02395070344209671,-287.4916563630104,-244.4320511817932,-0.01328505389392376,-287.50259870290756,-244.47572165727615,-0.041965313255786896,-287.4967778325081,-244.41565585136414,-0.05175047740340233,-287.4888823032379,-244.37471264600754,-0.050370026379823685,-287.4632871747017,-244.42867666482925,-0.020873134955763817,-287.47429126501083,-244.46082216501236,-0.046295084059238434,-287.4701449275017,-244.39950519800186,-0.04716511815786362,-287.463288128376,-244.3603417277336,-0.040526341646909714,-287.4336737394333,-244.42012882232666,-0.030694201588630676,-287.44806784391403,-244.45001953840256,-0.04273730143904686,-287.4492369890213,-244.40844017267227,-0.04068843647837639,-287.44529873132706,-244.3782558441162,-0.03546840324997902,a,,
2,-346.456279695034,-330.3086847662926,-1.8948154156817054e-09,-315.50486052036285,-324.3225370645523,-0.011648346669971943,-291.54274266958237,-295.3825019001961,-0.02224886417388916,-285.5522869825363,-267.4412957429886,-0.03558507561683655,-285.55289620161057,-245.485664665699,-0.047058191150426865,-285.52345246076584,-245.43419986963272,-0.004954786505550146,-285.53289663791656,-244.48938381671906,-0.01844574697315693,-285.5284771621227,-244.44798934459686,-0.019565753638744354,-285.523751527071,-244.40706568956375,-0.019275179132819176,-285.4955008625984,-244.43764930963516,-0.012379991821944714,-285.50915691256523,-244.48293590545654,-0.039564382284879684,-285.5042722225189,-244.4258131980896,-0.04863496869802475,-285.4962991476059,-244.38540375232697,-0.047120217233896255,-285.4671149253845,-244.43484771251678,-0.021277153864502907,-285.4799416065216,-244.46615028381348,-0.044557008892297745,-285.4751244187355,-244.4059398174286,-0.044454798102378845,-285.4677503108978,-244.3667729496956,-0.03767353296279907,-285.4367176890373,-244.42698341608047,-0.03225090354681015,-285.45218712091446,-244.45551258325577,-0.042409271001815796,-285.4530476331711,-244.41485631465912,-0.039459869265556335,-285.4488647580147,-244.38518983125687,-0.033936891704797745,a,,
3,-346.4567545056343,-334.30024099349976,-1.325970444554514e-09,-315.50556868314743,-328.31344306468964,-0.013499998487532139,-291.5427655875683,-298.37530195713043,-0.024224312976002693,-285.5520122349262,-269.43681943416595,-0.037144169211387634,-284.553150087595,-247.48175072669983,-0.04797019436955452,-284.5239449739456,-247.42479729652405,-0.005933082662522793,-284.53215342760086,-247.48320829868317,-0.020416121929883957,-284.5270113646984,-247.44346153736115,-0.02166004665195942,-284.522554397583,-247.40335327386856,-0.021335110068321228,-284.495805978775,-247.42729622125626,-0.012441747821867466,-284.5064908862114,-247.47363632917404,-0.041434187442064285,-284.5002045035362,-247.41476964950562,-0.05032763257622719,-284.4922058582306,-247.37576597929,-0.04790095239877701,-284.4679384827614,-247.42354089021683,-0.02074616029858589,-284.4777165055275,-247.45793563127518,-0.04639947786927223,-284.4733094573021,-247.39743554592133,-0.046333588659763336,-284.4664948582649,-247.36021721363068,-0.03866799548268318,-284.43823206424713,-247.41499882936478,-0.03118346445262432,-284.4509679079056,-247.44675546884537,-0.0430680476129055,-284.45199835300446,-247.40652734041214,-0.040515486150979996,-284.44820588827133,-247.37834745645523,-0.03467688709497452,a,,
4,-346.4571316242218,-335.29828917980194,-1.3259118247788138e-09,-314.5064038038254,-329.31124317646027,-0.014405627734959126,-290.54455801844597,-300.37213975191116,-0.02605157159268856,-284.553773522377,-270.4334062933922,-0.03982871025800705,-284.55257031321526,-249.4787901043892,-0.051493216305971146,-284.52428621053696,-249.4232896566391,-0.00844187568873167,-284.53173464536667,-248.48088026046753,-0.02429153211414814,-284.52686566114426,-248.43940788507462,-0.0260187815874815,-284.5224239528179,-248.39830094575882,-0.025935672223567963,-284.4958826303482,-248.4262591600418,-0.015111910179257393,-284.5067058503628,-248.47127556800842,-0.04607054218649864,-284.5000460743904,-248.4102037549019,-0.055103007704019547,-284.49202930927277,-248.3711497783661,-0.05243127420544624,-284.46777564287186,-248.42279416322708,-0.023668017238378525,-284.4785031080246,-248.45577132701874,-0.0510992668569088,-284.47381442785263,-248.3939471244812,-0.05089676007628441,-284.46728909015656,-248.35754537582397,-0.04284759238362312,-284.4379970431328,-248.4141771197319,-0.03441255912184715,-284.4518040418625,-248.4441687464714,-0.04753679782152176,-284.4525682926178,-248.4025050997734,-0.04510140046477318,-284.4489789009094,-248.37490046024323,-0.039172716438770294,a,,
5,-346.45672619342804,-334.3017381429672,-9.701910386183954e-10,-314.50625109672546,-328.3135951757431,-0.014369051903486252,-290.5445776283741,-299.3734378814697,-0.025570902973413467,-284.5535753071308,-270.43419259786606,-0.03887328505516052,-284.55206790566444,-249.47868847846985,-0.050275109708309174,-284.5246577858925,-249.42442101240158,-0.007619342766702175,-284.53236198425293,-247.48172163963318,-0.022668860852718353,-284.5270087122917,-247.44140034914017,-0.02447379007935524,-284.5227071046829,-247.40037846565247,-0.02453405037522316,-284.4961885213852,-247.4276860356331,-0.013829436153173447,-284.50593423843384,-247.4726101756096,-0.04357888177037239,-284.499327480793,-247.41321206092834,-0.053028978407382965,-284.49180948734283,-247.37251716852188,-0.05102289840579033,-284.4679344892502,-247.4244990348816,-0.02184481918811798,-284.4773350954056,-247.45685321092606,-0.04811473190784454,-284.472827732563,-247.3961619734764,-0.04873882234096527,-284.46711736917496,-247.35779774188995,-0.04160219058394432,-284.4383420944214,-247.41629523038864,-0.032064955681562424,-284.4509261250496,-247.44569724798203,-0.04461006447672844,-284.45232915878296,-247.4046529531479,-0.04274026304483414,-284.4498884677887,-247.37554740905762,-0.037445906549692154,a,,
6,-346.4568610191345,-336.2966206073761,-1.1819487610864599e-09,-315.5058077573776,-330.30964559316635,-0.01556223351508379,-290.54380455613136,-301.3704602718353,-0.027423180639743805,-285.5528807044029,-271.43164229393005,-0.04109222814440727,-285.552441239357,-250.47685772180557,-0.05271419137716293,-285.52463153004646,-250.42175656557083,-0.009193619713187218,-285.5318350791931,-249.4773914217949,-0.02458787150681019,-285.5259847044945,-249.43441027402878,-0.02629624865949154,-285.5208115577698,-249.39276772737503,-0.0263011883944273,-285.49588191509247,-249.42475551366806,-0.01499889511615038,-285.50614416599274,-249.46898996829987,-0.04510660469532013,-285.499253988266,-249.40791809558868,-0.054474279284477234,-285.4912493824959,-249.3680678009987,-0.0524338074028492,-285.4675962924957,-249.42134141921997,-0.022697128355503082,-285.4774136543274,-249.4547609090805,-0.04934237152338028,-285.47318172454834,-249.39398676156998,-0.04994628205895424,-285.467368721962,-249.356798350811,-0.0428302027285099,-285.4379774928093,-249.41276913881302,-0.032650478184223175,-285.4512113928795,-249.44274991750717,-0.04546268656849861,-285.45207130908966,-249.40181350708008,-0.043602585792541504,-285.44888120889664,-249.373630464077,-0.03834611549973488,a,,
7,-345.4579212665558,-337.2949362397194,-1.2245383596010129e-09,-314.5076334178448,-330.3103187084198,-0.013309772126376629,-289.545430123806,-301.37007188796997,-0.024733848869800568,-284.5544180572033,-272.43025463819504,-0.03859669715166092,-284.55325588583946,-250.47538763284683,-0.05046825483441353,-284.5250312387943,-250.4219080209732,-0.007608330342918634,-284.53391349315643,-248.48032903671265,-0.02306336537003517,-284.5289095044136,-248.43985652923584,-0.024959197267889977,-284.5244796574116,-248.39813953638077,-0.024950571358203888,-284.496545791626,-248.42482101917267,-0.01460192259401083,-284.5088379085064,-248.47062343358994,-0.04484521225094795,-284.5022527873516,-248.41103374958038,-0.05438314750790596,-284.4939614534378,-248.36976200342178,-0.052314452826976776,-284.46789211034775,-248.42128837108612,-0.0232907272875309,-284.47957199811935,-248.45441955327988,-0.04962260276079178,-284.4748896956444,-248.39344328641891,-0.04981213063001633,-284.4681717157364,-248.35454034805298,-0.042404744774103165,-284.4374101161957,-248.41224890947342,-0.03412662073969841,-284.45218724012375,-248.44338184595108,-0.046456385403871536,-284.4535503387451,-248.40295493602753,-0.04412223398685455,-284.45006436109543,-248.37362426519394,-0.03852413594722748,a,,
8,-345.4581996202469,-336.2974102497101,-1.3815698585162295e-09,-314.50743785500526,-329.3106880187988,-0.01463607419282198,-290.5451423227787,-300.372294485569,-0.02614896558225155,-284.5534950494766,-270.4341861605644,-0.039794936776161194,-284.5521012842655,-248.47964763641357,-0.05141986533999443,-284.52467980980873,-248.42301100492477,-0.00846106093376875,-284.5338748395443,-248.47974812984467,-0.024194857105612755,-284.5287412405014,-248.4379667043686,-0.0259208083152771,-284.523613601923,-248.39763033390045,-0.025816703215241432,-284.4962614774704,-248.4260630607605,-0.01494691614061594,-284.5078039765358,-248.47110038995743,-0.045908357948064804,-284.5006795823574,-248.4087574481964,-0.055027056485414505,-284.4917046427727,-248.36885058879852,-0.05235753953456879,-284.4679362177849,-248.4224950671196,-0.023327747359871864,-284.4790390729904,-248.45627653598785,-0.050763603299856186,-284.47468572854996,-248.39394867420197,-0.05084200203418732,-284.4676088690758,-248.3564831018448,-0.042991552501916885,-284.43761187791824,-248.4134276509285,-0.03392067924141884,-284.45220625400543,-248.4443428516388,-0.0471448116004467,-284.4539797306061,-248.40281653404236,-0.045025553554296494,-284.45037323236465,-248.3745768070221,-0.03935544565320015,a,,
9,-346.45722794532776,-333.30355632305145,-1.6036023620102924e-09,-314.50655272603035,-327.3160002231598,-0.015551663003861904,-290.543920814991,-296.37989842891693,-0.027121786028146744,-285.5522514283657,-266.4425483942032,-0.04058368504047394,-285.55273470282555,-244.48820799589157,-0.0521111823618412,-285.5230293869972,-244.42917823791504,-0.008363612927496433,-285.5306380689144,-244.48535639047623,-0.023454885929822922,-285.52603217959404,-244.4436777830124,-0.025154968723654747,-285.5217700600624,-244.40262985229492,-0.025080226361751556,-285.49415200948715,-244.43154615163803,-0.01401161216199398,-285.50540041923523,-244.47510492801666,-0.043615322560071945,-285.49897092580795,-244.41371250152588,-0.05301382765173912,-285.49036169052124,-244.37308752536774,-0.0508742481470108,-285.4658068418503,-244.42772883176804,-0.02152319625020027,-285.4769839644432,-244.4596426486969,-0.04772575572133064,-285.47303116321564,-244.3977352976799,-0.048233550041913986,-285.46606397628784,-244.35951590538025,-0.0409640334546566,-285.4357820749283,-244.41886347532272,-0.03131983429193497,-285.45017915964127,-244.44888150691986,-0.04366152733564377,-285.4516516327858,-244.40774148702621,-0.04148789495229721,-285.44775199890137,-244.37917202711105,-0.03592551872134209,a,,
10,-345.4590359926224,-328.3130311369896,-1.4631219569238851e-09,-313.50920113921165,-321.32750058174133,-0.013818846084177494,-288.5470997095108,-291.38999634981155,-0.023793285712599754,-283.5554144978523,-261.4523186683655,-0.03595885634422302,-283.55307054519653,-239.49932444095612,-0.04597892612218857,-283.52644976973534,-239.4376199245453,-0.0030214223079383373,-283.53481489419937,-239.49396067857742,-0.015569562092423439,-283.52952364087105,-239.4536693096161,-0.01580130308866501,-283.5247651040554,-239.41352158784866,-0.014891086146235466,-283.4982684850693,-239.4399218559265,-0.008632555603981018,-283.5092397928238,-239.48517566919327,-0.035688616335392,-283.502487629652,-239.4262251853943,-0.04430193454027176,-283.494077026844,-239.38640028238297,-0.041718270629644394,-283.4701456427574,-239.4363871216774,-0.016160212457180023,-283.4803179502487,-239.47035855054855,-0.04058629646897316,-283.4758988022804,-239.41046786308289,-0.04123441502451897,-283.4688133597374,-239.37266474962234,-0.03398706018924713,-283.44005078077316,-239.42796182632446,-0.025749674066901207,-283.45328164100647,-239.46087622642517,-0.03703838959336281,-283.45437157154083,-239.42123073339462,-0.03486141562461853,-283.45027869939804,-239.39218425750732,-0.029230887070298195,a,,
11,-344.4599176645279,-327.3148937821388,-1.6204599884162008e-09,-313.5092889070511,-320.3297325372696,-0.013132620602846146,-289.54573026299477,-289.3938782811165,-0.023240461945533752,-285.5524243414402,-259.45641124248505,-0.03590245917439461,-285.5501831173897,-237.50378504395485,-0.04677417129278183,-285.5252959728241,-237.4388027191162,-0.00306675024330616,-285.53378051519394,-237.4919940829277,-0.017073867842555046,-285.5298735201359,-237.45177429914474,-0.018795408308506012,-285.5251122713089,-237.41267877817154,-0.018837515264749527,-285.4968919157982,-237.44087648391724,-0.009663622826337814,-285.5087026655674,-237.48654901981354,-0.03886505216360092,-285.5035787820816,-237.42748099565506,-0.04909377917647362,-285.4951583147049,-237.38556504249573,-0.04746801406145096,-285.46883177757263,-237.43704104423523,-0.01818949729204178,-285.4800788164139,-237.47065317630768,-0.044648732990026474,-285.47592812776566,-237.40869635343552,-0.04618920385837555,-285.46839386224747,-237.36890989542007,-0.03930327296257019,-285.4391168355942,-237.42844277620316,-0.02871089056134224,-285.4536848664284,-237.45897871255875,-0.04157988354563713,-285.4550590515137,-237.41834717988968,-0.040069058537483215,-285.45087403059006,-237.38903319835663,-0.03486121445894241,a,,
12,-346.4562932252884,-330.30992740392685,-1.5234268291308695e-09,-315.5060342848301,-323.3233270049095,-0.014859951101243496,-291.5425566136837,-293.3874896764755,-0.025672875344753265,-287.54935270547867,-262.4513751268387,-0.038496747612953186,-287.5481392145157,-239.49861776828766,-0.04907854273915291,-287.52312794327736,-239.43396764993668,-0.004456612281501293,-287.5305075645447,-239.4880689382553,-0.01850281096994877,-287.5250849723816,-239.44605803489685,-0.019540997222065926,-287.51950627565384,-239.40711736679077,-0.019119828939437866,-287.4944291114807,-239.43629205226898,-0.010254543274641037,-287.50484722852707,-239.48217922449112,-0.03944917395710945,-287.4988555908203,-239.42078948020935,-0.048659976571798325,-287.4906641840935,-239.3811900615692,-0.04611373320221901,-287.46656078100204,-239.43253606557846,-0.018176468089222908,-287.4768549799919,-239.46710550785065,-0.044726788997650146,-287.47307163476944,-239.4043828845024,-0.04551050439476967,-287.4662998318672,-239.36722326278687,-0.03787951543927193,-287.4368153810501,-239.42425870895386,-0.028178604319691658,-287.4504752755165,-239.4562115073204,-0.04091814160346985,-287.4515428543091,-239.41451394557953,-0.038897883147001266,-287.44748026132584,-239.38622069358826,-0.03315551206469536,a,,
13,-347.45483964681625,-329.3115406036377,-1.5698927713359012e-09,-316.5045679807663,-322.3264265656471,-0.013187777251005173,-292.5406906604767,-292.38948172330856,-0.023494292050600052,-288.5478326678276,-262.4518560767174,-0.036141689866781235,-288.5469061136246,-239.49969893693924,-0.04669816792011261,-288.5213771164417,-239.43434166908264,-0.0029974698554724455,-288.5288266837597,-239.4904568195343,-0.01664997823536396,-288.5242163538933,-239.45226627588272,-0.017736315727233887,-288.5195038020611,-239.41333663463593,-0.017245812341570854,-288.49291533231735,-239.43659377098083,-0.009169097058475018,-288.50329956412315,-239.48434782028198,-0.03754080832004547,-288.4983015656471,-239.4256842136383,-0.046585563570261,-288.49088233709335,-239.38462227582932,-0.04404568299651146,-288.46494925022125,-239.43294137716293,-0.017317431047558784,-288.47479647397995,-239.46866792440414,-0.0428135022521019,-288.47144985198975,-239.40827476978302,-0.043459367007017136,-288.46510154008865,-239.37021100521088,-0.03595934063196182,-288.43521988391876,-239.42435938119888,-0.027449307963252068,-288.4485020637512,-239.45758324861526,-0.03939108923077583,-288.4500457048416,-239.41802114248276,-0.037208959460258484,-288.44633650779724,-239.3894355893135,-0.03150266408920288,a,,
14,-348.4539314508438,-326.31800866127014,-1.6129750868287829e-09,-316.50344797968864,-320.33102679252625,-0.01404554583132267,-293.5391371548176,-289.39557629823685,-0.024760467931628227,-289.54562443494797,-258.4585807323456,-0.03758050128817558,-289.54532930254936,-236.50513446331024,-0.04842237010598183,-289.5199262499809,-236.44156992435455,-0.0045041474513709545,-289.5261233150959,-236.49608129262924,-0.018572915345430374,-289.5218717455864,-236.45649510622025,-0.020127851516008377,-289.5177617073059,-236.4172757267952,-0.020009929314255714,-289.4911490678787,-236.4435356259346,-0.01038196962326765,-289.4997950196266,-236.4879593849182,-0.03901846334338188,-289.4944031238556,-236.42760300636292,-0.048109907656908035,-289.48698937892914,-236.3862076997757,-0.04570917412638664,-289.4631060361862,-236.4392574429512,-0.01822950877249241,-289.47174459695816,-236.47258174419403,-0.043827466666698456,-289.46876686811447,-236.41174918413162,-0.044321656227111816,-289.4630244374275,-236.37364214658737,-0.03690961003303528,-289.43379986286163,-236.4302977323532,-0.02816370502114296,-289.44585859775543,-236.46089255809784,-0.040032949298620224,-289.44724237918854,-236.4205521941185,-0.03773966059088707,-289.4439107179642,-236.39214861392975,-0.03208209574222565,a,,
15,-348.45387625694275,-329.31172186136246,-8.385745431382929e-10,-316.5036755800247,-322.3251347541809,-0.01494036428630352,-293.5397140979767,-292.3889364004135,-0.025803543627262115,-289.5465073287487,-262.45188212394714,-0.03876850754022598,-289.5466939210892,-239.4986320734024,-0.049791526049375534,-289.5209946334362,-239.4350841641426,-0.004255050793290138,-289.527773976326,-239.491539478302,-0.018298327922821045,-289.52249562740326,-239.45190012454987,-0.02006758563220501,-289.51813420653343,-239.41193437576294,-0.020259132608771324,-289.4923794269562,-239.43758916854858,-0.009738966822624207,-289.50174129009247,-239.48131328821182,-0.03814484924077988,-289.4952639937401,-239.42204558849335,-0.04805857315659523,-289.48761028051376,-239.38188654184341,-0.046468548476696014,-289.4643830060959,-239.43379443883896,-0.017322823405265808,-289.47317028045654,-239.46615636348724,-0.04316094145178795,-289.46908789873123,-239.40597486495972,-0.044944021850824356,-289.4630500674248,-239.36882197856903,-0.0384940430521965,-289.4348198771477,-239.42506057024002,-0.027038583531975746,-289.44667714834213,-239.45441353321075,-0.03934364765882492,-289.4473714828491,-239.41401082277298,-0.03791201114654541,-289.44372600317,-239.38596296310425,-0.03290586918592453,a,,
16,-349.4530866742134,-331.3078468441963,-1.5698061739399805e-09,-317.50288528203964,-324.3212934732437,-0.015317798592150211,-294.5388069152832,-293.3861543536186,-0.025988703593611717,-289.54533898830414,-262.45020443201065,-0.03862094506621361,-289.54521334171295,-240.4974680542946,-0.049225762486457825,-289.51961755752563,-240.43196952342987,-0.004291708115488291,-289.52653682231903,-240.48726665973663,-0.01824488677084446,-289.5211004912853,-240.44720101356506,-0.019536281004548073,-289.51579692959785,-240.40766841173172,-0.01930335909128189,-289.4907456636429,-240.4343283176422,-0.00960614625364542,-289.50006064772606,-240.48035037517548,-0.03869006410241127,-289.49387842416763,-240.4195026755333,-0.04835605248808861,-289.4857003688812,-240.37776654958725,-0.04615931585431099,-289.4626014828682,-240.4303086400032,-0.017097603529691696,-289.47162330150604,-240.464966237545,-0.043881673365831375,-289.46786189079285,-240.40301257371902,-0.04549736529588699,-289.46133613586426,-240.3643850684166,-0.03843130171298981,-289.43273735046387,-240.4211767911911,-0.026694396510720253,-289.4453601241112,-240.45307725667953,-0.039818476885557175,-289.44653820991516,-240.4121431708336,-0.038491521030664444,-289.4426265358925,-240.38317453861237,-0.03324498236179352,a,,
17,-349.452800989151,-334.3014065027237,-1.5351782067796194e-09,-317.5025826096535,-327.3160911798477,-0.013761447742581367,-294.53812178969383,-295.3815528154373,-0.02479388751089573,-290.54427725076675,-265.4449852705002,-0.03829541057348251,-290.5437726378441,-242.49266111850739,-0.049905721098184586,-290.5190288722515,-242.42749762535095,-0.003696390427649021,-290.5257045030594,-242.48228001594543,-0.018049852922558784,-290.52113205194473,-242.44220572710037,-0.02012280374765396,-290.51666483283043,-242.40244442224503,-0.020457638427615166,-290.4902773499489,-242.42935103178024,-0.010191976092755795,-290.4997353553772,-242.47404962778091,-0.03919753432273865,-290.4938697218895,-242.41326475143433,-0.04914535582065582,-290.4859780073166,-242.37069272994995,-0.04744122922420502,-290.46203142404556,-242.4249540567398,-0.018691351637244225,-290.47163528203964,-242.4589496254921,-0.04460920765995979,-290.46818751096725,-242.39741134643555,-0.045724060386419296,-290.4619911313057,-242.35795241594315,-0.03888339176774025,-290.43229830265045,-242.4153814315796,-0.029303476214408875,-290.44572484493256,-242.4461550116539,-0.04148520529270172,-290.4473598599434,-242.40520751476288,-0.03951342776417732,-290.4438825249672,-242.37561136484146,-0.03421533852815628,a,,
18,-350.4514034986496,-334.3014073371887,-1.1105283359569285e-09,-318.50125005841255,-327.31538861989975,-0.013822386041283607,-295.53630274534225,-296.38119608163834,-0.02416546642780304,-291.54260444641113,-265.44573253393173,-0.03677145391702652,-290.54401406645775,-242.4929754137993,-0.04743276536464691,-290.51764675974846,-242.42601716518402,-0.002162446966394782,-290.52308559417725,-242.48156076669693,-0.015891961753368378,-290.5188699364662,-242.44155395030975,-0.017717715352773666,-290.5149849951267,-242.40222442150116,-0.017973003908991814,-290.48860627412796,-242.4276803135872,-0.008243664167821407,-290.49746495485306,-242.47272992134094,-0.03676140308380127,-290.4927232861519,-242.41186225414276,-0.04694065824151039,-290.485423207283,-242.36981618404388,-0.045371513813734055,-290.4607284069061,-242.4230780005455,-0.016331743448972702,-290.4696841239929,-242.4578496813774,-0.04217825457453728,-290.4670946598053,-242.39593255519867,-0.04384849965572357,-290.4613201022148,-242.35703176259995,-0.037218350917100906,-290.43142062425613,-242.41391611099243,-0.026447728276252747,-290.44392627477646,-242.44503289461136,-0.03858812525868416,-290.4454027414322,-242.40397149324417,-0.036893922835588455,-290.44176375865936,-242.37483257055283,-0.03170685097575188,a,,
19,-400.3731210231781,-356.25489646196365,-9.943347256680113e-10,-375.41225481033325,-336.29607713222504,-0.00672485027462244,-361.43350702524185,-306.36027044057846,-0.012025232426822186,-361.4332585930824,-280.41423004865646,-0.020884845405817032,-361.42575001716614,-261.4526501297951,-0.028375504538416862,-361.4113919734955,-261.40696132183075,0.014458895660936832,-361.40898883342743,-260.45473700761795,0.009297238662838936,-361.41207218170166,-260.4323146343231,0.00753049785271287,-361.4151167869568,-260.40834844112396,0.006399999372661114,-361.38599145412445,-260.4021533727646,0.007452161051332951,-361.38600593805313,-260.4480680823326,-0.006880088709294796,-361.3925392627716,-260.40628558397293,-0.016084764152765274,-361.39556431770325,-260.3704078197479,-0.017218325287103653,-361.3613175749779,-260.3920021057129,-0.0015186821110546589,-361.36157089471817,-260.43369591236115,-0.013973790220916271,-361.37073028087616,-260.3950828909874,-0.01723920740187168,-361.3752695322037,-260.36043107509613,-0.0155250933021307,-361.3353842496872,-260.37576311826706,-0.012528004124760628,-361.33818620443344,-260.41385543346405,-0.016600659117102623,-361.34737730026245,-260.38790106773376,-0.015213907696306705,-361.35223692655563,-260.3593934774399,-0.012612022459506989,a,,
20,-419.34337371587753,-351.2664226293564,1.651546538417037e-10,-390.38859635591507,-336.297260761261,-0.006663764361292124,-374.41278487443924,-304.3636640906334,-0.014455356635153294,-374.40741193294525,-276.42131888866425,-0.02557406947016716,-374.3946722149849,-257.461220741272,-0.035093147307634354,-374.3883802294731,-257.4034580588341,0.002682001795619726,-374.3842344880104,-257.45253425836563,-0.007310048211365938,-374.38656717538834,-257.4140856862068,-0.009168573655188084,-374.38790142536163,-257.3787197470665,-0.010220127180218697,-374.36294424533844,-257.3977732658386,-0.00617812667042017,-374.36216139793396,-257.4458482861519,-0.028492499142885208,-374.36869609355927,-257.39545971155167,-0.03853535279631615,-374.3694284558296,-257.3559301495552,-0.03966706991195679,-374.338426053524,-257.3863156437874,-0.016046877950429916,-374.34090954065323,-257.4211496114731,-0.03463079780340195,-374.347978413105,-257.3670662045479,-0.035787515342235565,-374.34890788793564,-257.3279619216919,-0.03171528875827789,-374.31402319669724,-257.3698928952217,-0.027609771117568016,-374.32199883461,-257.3990297317505,-0.03553985804319382,-374.3295724391937,-257.36331164836884,-0.03331416845321655,-374.331099152565,-257.3342807292938,-0.029581120237708092,a,,
21,-388.3912407755852,-342.2836753129959,1.3572734047784252e-09,-358.43888902664185,-330.3097472190857,-0.004670501220971346,-338.46909433603287,-305.3611199259758,-0.006678042002022266,-336.47302746772766,-280.4126625061035,-0.012266943231225014,-336.46205854415894,-263.4496925473213,-0.016223374754190445,-336.4492378234863,-263.4007076025009,0.020490732043981552,-336.4577080011368,-263.4476435780525,0.021470889449119568,-336.45595479011536,-263.4146829843521,0.024567652493715286,-336.4527018070221,-263.38495737314224,0.02561969682574272,-336.4250629544258,-263.4023436307907,0.014704178087413311,-336.43516206741333,-263.44177705049515,0.006706221029162407,-336.4352353811264,-263.39999651908875,-0.0014683775370940566,-336.42978286743164,-263.3700928092003,-0.0031617775093764067,-336.4014065861702,-263.39838868379593,0.0072057247161865234,-336.4119876027107,-263.4284898042679,-0.0012240486685186625,-336.4152792096138,-263.38860642910004,-0.007592156063765287,-336.4121444225311,-263.3598273396492,-0.008527870289981365,-336.37546265125275,-263.389577627182,-0.001432738034054637,-336.38977962732315,-263.41462421417236,-0.004108414985239506,-336.3944533467293,-263.3856636285782,-0.005385839380323887,-336.3917068243027,-263.36120814085007,-0.00480917003005743,a,,
22,-326.48783481121063,-386.19263339042664,-3.501803069738685e-09,-298.53255119919777,-374.21863663196564,-0.008667971938848495,-277.5640754401684,-342.2851836681366,-0.017879841849207878,-274.57019436359406,-314.3434555530548,-0.030809704214334488,-274.56813821196556,-292.3894940018654,-0.042109254747629166,-274.5413687825203,-292.341255068779,0.0022027387749403715,-274.55156630277634,-292.3863196372986,-0.009129583835601807,-274.55217573046684,-292.342973947525,-0.011507225222885609,-274.5508153140545,-292.30159002542496,-0.012670254334807396,-274.5127537250519,-292.3437942266464,-0.006860372610390186,-274.5291112065315,-292.37705421447754,-0.03100823052227497,-274.530315220356,-292.3201033473015,-0.04247371479868889,-274.5259459912777,-292.27648532390594,-0.044112760573625565,-274.48366528749466,-292.3394256234169,-0.017229119315743446,-274.5036321878433,-292.35215693712234,-0.037732306867837906,-274.5037579536438,-292.2894852757454,-0.040291786193847656,-274.4986646771431,-292.24699676036835,-0.03671526163816452,-274.45288103818893,-292.3281415104866,-0.02959236316382885,-274.4752378463745,-292.34231609106064,-0.03781414031982422,-274.47919327020645,-292.29936879873276,-0.03590970113873482,-274.4757401943207,-292.26671290397644,-0.0320926196873188,a,,
23,-318.500255972147,-355.2581568956375,-1.7726251577698804e-09,-287.54888343811035,-342.2842021584511,-0.005492867901921272,-265.5841607451439,-312.3468708395958,-0.013684229925274849,-259.5927159190178,-284.40502190589905,-0.026350267231464386,-259.59132063388824,-261.4534073472023,-0.037138428539037704,-259.5635068118572,-261.4059513807297,0.005656158085912466,-259.5786724090576,-260.4561947584152,-0.0035403270740062,-259.5770456790924,-260.4120055437088,-0.004578184802085161,-259.57194182276726,-260.3696691393852,-0.005107047501951456,-259.53475990891457,-260.40982615947723,-0.004587720148265362,-259.55399572849274,-260.4443247318268,-0.02631099335849285,-259.551513671875,-260.38660955429077,-0.03708019107580185,-259.542863458395,-260.34392338991165,-0.038672734051942825,-259.505292981863,-260.40696412324905,-0.015754686668515205,-259.5261299610138,-260.4211336374283,-0.03360957279801369,-259.52209079265594,-260.36020493507385,-0.035838328301906586,-259.51253190636635,-260.31941974163055,-0.03262576460838318,-259.4739086031914,-260.39853543043137,-0.0287481602281332,-259.4980950951576,-260.41397047042847,-0.03452882915735245,-259.4997190833092,-260.37356984615326,-0.032060589641332626,-259.49341481924057,-260.343143761158,-0.02841157093644142,a,,
24,-360.4357023835182,-328.3142109513283,-1.5287805466002169e-09,-329.4840143918991,-315.33974546194077,-0.00813182070851326,-308.5163511931896,-284.405375957489,-0.01693403162062168,-306.5195744037628,-255.4655709862709,-0.029097765684127808,-306.5135433077812,-233.51080626249313,-0.03927842155098915,-306.49428260326385,-233.4485986828804,0.0023989041801542044,-306.49853897094727,-233.5036796927452,-0.00701384712010622,-306.49846440553665,-233.465995490551,-0.007145258132368326,-306.49763548374176,-233.42797249555588,-0.006724607199430466,-306.46616888046265,-233.44724786281586,-0.005677455570548773,-306.4751830101013,-233.49584192037582,-0.027584418654441833,-306.4775310754776,-233.44312644004822,-0.03639327362179756,-306.47475957870483,-233.40142327547073,-0.035744182765483856,-306.4382075071335,-233.44094187021255,-0.014886784367263317,-306.4499069452286,-233.47230100631714,-0.032860178500413895,-306.45189648866653,-233.41516530513763,-0.03332765772938728,-306.44867396354675,-233.37531280517578,-0.02803870290517807,-306.4088704586029,-233.42985898256302,-0.025886621326208115,-306.42348331213,-233.45996874570847,-0.032121192663908005,-306.4281657934189,-233.42183607816696,-0.028789883479475975,-306.4262816309929,-233.39126390218735,-0.023827504366636276,a,,
25,-389.38961112499237,-273.428201854229,-2.074988181277604e-09,-357.43988114595413,-265.44502353668213,-0.008940322324633598,-333.47750425338745,-236.50527039170265,-0.017470408231019974,-329.483902156353,-207.56531047821045,-0.029120473191142082,-329.47751039266586,-186.60918480157852,-0.03885964676737785,-329.4608617424965,-186.5524923801422,0.0010096076875925064,-329.46673583984375,-186.60784143209457,-0.008916542865335941,-329.46505415439606,-186.56890732049942,-0.009250869043171406,-329.46220004558563,-186.53061398863792,-0.00913858413696289,-329.4317724108696,-186.554820895195,-0.007165302522480488,-329.4411582350731,-186.60593366622925,-0.02975909411907196,-329.4439027309418,-186.55499398708344,-0.03863998502492905,-329.44005411863327,-186.5155653655529,-0.03832831233739853,-329.40253883600235,-186.5507571697235,-0.016614727675914764,-329.4141916036606,-186.5845469236374,-0.03581453114748001,-329.41718822717667,-186.52809900045395,-0.03616144508123398,-329.4127552509308,-186.488832116127,-0.030749043449759483,-329.3714942932129,-186.54103860259056,-0.028017453849315643,-329.3885850906372,-186.56901133060455,-0.03656597062945366,-329.39335584640503,-186.52989211678505,-0.03386281058192253,-329.38948088884354,-186.4989156126976,-0.029036419466137886,a,,
26,-301.5279736816883,-261.45313239097595,-7.689470588045921e-11,-271.5741507411003,-258.4599766731262,-0.005737419705837965,-247.6113712489605,-234.5084088742733,-0.011844540946185589,-240.62244680523872,-209.56224259734154,-0.02113630622625351,-239.6234655380249,-189.60312217473984,-0.02881532348692417,-239.59902852773666,-189.55077531933784,0.008056332357227802,-239.6097526550293,-189.59792384505272,0.0022052477579563856,-239.60717490315437,-189.5683594942093,0.002801429945975542,-239.60279995203018,-189.53829735517502,0.003191649215295911,-239.57334291934967,-189.5589538216591,0.0008804997778497636,-239.58610180020332,-189.60017931461334,-0.01417095959186554,-239.58660197257996,-189.5607119500637,-0.02200082503259182,-239.58214417099953,-189.5305817425251,-0.02260630577802658,-239.54612991213799,-189.56131944060326,-0.00746764475479722,-239.56068974733353,-189.5910525918007,-0.021330390125513077,-239.56111645698547,-189.5450978577137,-0.023192057386040688,-239.55596208572388,-189.51246735453606,-0.020028240978717804,-239.51616767048836,-189.55905506014824,-0.017171232029795647,-239.53334146738052,-189.58469599485397,-0.02290971577167511,-239.5369714796543,-189.54988756775856,-0.020625226199626923,-239.53312197327614,-189.52076148986816,-0.01674477569758892,a,,
27,-323.4931139945984,-351.26578509807587,4.384925755829272e-09,-299.52982464432716,-341.28700292110443,-0.006735291797667742,-280.55986964702606,-316.33809554576874,-0.01595555990934372,-273.57081893086433,-294.3846967816353,-0.028109611943364143,-272.57204389572144,-275.4237342476845,-0.04018569365143776,-272.5488427877426,-275.38217931985855,-0.0029887622222304344,-272.5608528852463,-270.43346893787384,-0.014871652238070965,-272.57008495926857,-265.4437985420227,-0.02186492830514908,-270.5750631392002,-265.4448713064194,-0.02602231688797474,-270.52466067671776,-265.3833864927292,-0.01123164314776659,-270.5380934178829,-265.4291789531708,-0.029752520844340324,-270.54035195708275,-265.39694344997406,-0.036606963723897934,-270.53659972548485,-265.36725836992264,-0.036759309470653534,-270.50060191750526,-265.3793367743492,-0.020594844594597816,-270.5151464343071,-265.4089346528053,-0.03636125102639198,-270.51851895451546,-265.3745473623276,-0.03592604026198387,-270.5140711963177,-265.3465215563774,-0.032012004405260086,-270.4748509526253,-265.36978286504745,-0.03194570168852806,-270.4894919991493,-265.3930484056473,-0.039674900472164154,-270.49566036462784,-265.3667962551117,-0.0368107333779335,-270.49324679374695,-265.3428925871849,-0.03310311958193779,a,,
28,-280.55982357263565,-364.2376719713211,-5.574909422989549e-09,-251.60544434189796,-350.2675372362137,-0.011578761972486973,-233.6343296766281,-323.3232535123825,-0.018500911071896553,-231.63738465309143,-300.3726335763931,-0.027774116024374962,-231.63098189234734,-281.4111666083336,-0.03538278117775917,-231.6062127649784,-281.3907070159912,0.003849838860332966,-231.62900510430336,-281.41084337234497,-0.0038171736523509026,-231.62577664852142,-281.36535626649857,-0.007265365216881037,-231.6170140504837,-281.32925152778625,-0.010174212045967579,-231.5799508690834,-281.39467066526413,-0.0012143085477873683,-231.60671344399452,-281.3943930864334,-0.019074831157922745,-231.60070207715034,-281.33980119228363,-0.03168939799070358,-231.58958274126053,-281.3049312233925,-0.03688877448439598,-231.5546503663063,-281.38953894376755,-0.008159037679433823,-231.5819288790226,-281.37731474637985,-0.025445256382226944,-231.57738003134727,-281.32509857416153,-0.033343490213155746,-231.56880289316177,-281.2928457260132,-0.035430390387773514,-231.52872049808502,-281.3769277334213,-0.01685064285993576,-231.55627542734146,-281.36987775564194,-0.025624869391322136,-231.5576829612255,-281.3323867917061,-0.028836077079176903,-231.5527127981186,-281.30792462825775,-0.02964724600315094,a,,
29,-394.38266092538834,-394.1768288612366,-3.0232725212187006e-09,-373.41521710157394,-379.2073249220848,-0.011961687356233597,-358.4386395215988,-354.2589920759201,-0.021761687472462654,-358.43778973817825,-333.3040237426758,-0.033588994294404984,-358.4203277230263,-318.3346557021141,-0.04378844425082207,-358.41055196523666,-318.3137500882149,-0.001921524410136044,-358.4136009812355,-311.3479773402214,-0.010783607140183449,-358.4201243519783,-311.3103246688843,-0.012650013901293278,-358.4220684170723,-311.28102576732635,-0.013539339415729046,-358.3863055109978,-311.3097706437111,-0.00726656150072813,-358.39091086387634,-311.33775556087494,-0.024683192372322083,-358.3994157910347,-311.28956174850464,-0.03267861530184746,-358.4003759622574,-311.2609069943428,-0.03350657969713211,-358.3618316054344,-311.29933393001556,-0.014375199563801289,-358.3680220246315,-311.3254449367523,-0.029839100316166878,-358.3783503174782,-311.28054505586624,-0.03166570886969566,-358.38035184144974,-311.2509150505066,-0.02919856831431389,-358.3361974954605,-311.2835603952408,-0.023491639643907547,-358.34439343214035,-311.31106799840927,-0.03035721927881241,-358.356060564518,-311.279333114624,-0.028711866587400436,-358.35990542173386,-311.2530074119568,-0.025903811678290367,a,,
30,-375.4123083949089,-425.1121858358383,-2.0689798763129374e-09,-355.44352596998215,-405.1541433930397,-0.004226557910442352,-342.4629135131836,-380.20521068573,-0.011657925322651863,-342.4612550139427,-360.2476138472557,-0.022585589438676834,-342.4428156018257,-347.2747050523758,-0.031753234565258026,-342.42994475364685,-347.25329995155334,0.00285927252843976,-342.437747836113,-337.29431653022766,-0.0032647058833390474,-342.4440439939499,-337.2630107998848,-0.0034795980900526047,-342.44373202323914,-337.2340375781059,-0.0038112392649054527,-342.40863811969757,-337.2447352409363,-0.006456711795181036,-342.41702222824097,-337.2809697985649,-0.021941447630524635,-342.42481952905655,-337.23928731679916,-0.02851169742643833,-342.4240221977234,-337.2076795101166,-0.028847593814134598,-342.38794577121735,-337.23051607608795,-0.016738809645175934,-342.39471131563187,-337.2640380859375,-0.02980220317840576,-342.4046854376793,-337.2266620397568,-0.030501917004585266,-342.40563702583313,-337.1956276297569,-0.027996087446808815,-342.3660437464714,-337.210469186306,-0.02836034819483757,-342.36908507347107,-337.24664640426636,-0.035006728023290634,-342.3805350661278,-337.22694861888885,-0.033557794988155365,-342.3860468864441,-337.2040976881981,-0.031138163059949875,a,,
31,-374.41364336013794,-424.1144835948944,-2.55724463826823e-09,-355.4431511759758,-404.1545683145523,-0.006388484034687281,-343.4621213078499,-380.20558232069016,-0.015180658549070358,-343.4600511789322,-359.24799144268036,-0.027067802846431732,-343.44160038232803,-346.27543038129807,-0.0370936319231987,-343.4323477745056,-346.2507028579712,-0.0014320092741400003,-343.4388067126274,-337.29393047094345,-0.009442123584449291,-343.44467371702194,-337.2638691663742,-0.010220798663794994,-343.44459319114685,-337.23495972156525,-0.010808139108121395,-343.41059124469757,-337.241985976696,-0.010048061609268188,-343.4177777171135,-337.27845573425293,-0.027714993804693222,-343.42502450942993,-337.23728454113007,-0.03442659229040146,-343.42400085926056,-337.207155585289,-0.034478046000003815,-343.38950419425964,-337.2279397845268,-0.01973789371550083,-343.3952103257179,-337.2605564594269,-0.03468732908368111,-343.4050006866455,-337.22345238924026,-0.03525180742144585,-343.4060360789299,-337.19393813610077,-0.0322609581053257,-343.3673857450485,-337.20779198408127,-0.03087494894862175,-343.36992931365967,-337.2427276968956,-0.03875718638300896,-343.3814318180084,-337.22309190034866,-0.037511929869651794,-343.38689094781876,-337.2010245323181,-0.03496605157852173,a,a,a
32,-374.41364336013794,-424.1144835948944,-2.55724463826823e-09,-355.4431511759758,-404.1545683145523,-0.006388484034687281,-343.4621213078499,-380.20558232069016,-0.015180658549070358,-343.4600511789322,-359.24799144268036,-0.027067802846431732,-343.44160038232803,-346.27543038129807,-0.0370936319231987,-343.4323477745056,-346.2507028579712,-0.0014320092741400003,-343.4388067126274,-337.29393047094345,-0.009442123584449291,-343.44467371702194,-337.2638691663742,-0.010220798663794994,-343.44459319114685,-337.23495972156525,-0.010808139108121395,-343.41059124469757,-337.241985976696,-0.010048061609268188,-343.4177777171135,-337.27845573425293,-0.027714993804693222,-343.42502450942993,-337.23728454113007,-0.03442659229040146,-343.42400085926056,-337.207155585289,-0.034478046000003815,-343.38950419425964,-337.2279397845268,-0.01973789371550083,-343.3952103257179,-337.2605564594269,-0.03468732908368111,-343.4050006866455,-337.22345238924026,-0.03525180742144585,-343.4060360789299,-337.19393813610077,-0.0322609581053257,-343.3673857450485,-337.20779198408127,-0.03087494894862175,-343.36992931365967,-337.2427276968956,-0.03875718638300896,-343.3814318180084,-337.22309190034866,-0.037511929869651794,-343.38689094781876,-337.2010245323181,-0.03496605157852173,a,a,a
33,-374.41364336013794,-424.1144835948944,-2.55724463826823e-09,-355.4431511759758,-404.1545683145523,-0.006388484034687281,-343.4621213078499,-380.20558232069016,-0.015180658549070358,-343.4600511789322,-359.24799144268036,-0.027067802846431732,-343.44160038232803,-346.27543038129807,-0.0370936319231987,-343.4323477745056,-346.2507028579712,-0.0014320092741400003,-343.4388067126274,-337.29393047094345,-0.009442123584449291,-343.44467371702194,-337.2638691663742,-0.010220798663794994,-343.44459319114685,-337.23495972156525,-0.010808139108121395,-343.41059124469757,-337.241985976696,-0.010048061609268188,-343.4177777171135,-337.27845573425293,-0.027714993804693222,-343.42502450942993,-337.23728454113007,-0.03442659229040146,-343.42400085926056,-337.207155585289,-0.034478046000003815,-343.38950419425964,-337.2279397845268,-0.01973789371550083,-343.3952103257179,-337.2605564594269,-0.03468732908368111,-343.4050006866455,-337.22345238924026,-0.03525180742144585,-343.4060360789299,-337.19393813610077,-0.0322609581053257,-343.3673857450485,-337.20779198408127,-0.03087494894862175,-343.36992931365967,-337.2427276968956,-0.03875718638300896,-343.3814318180084,-337.22309190034866,-0.037511929869651794,-343.38689094781876,-337.2010245323181,-0.03496605157852173,a,a,a
34,-350.45103776454926,-371.2235790491104,2.8828974762973303e-09,-322.4951236844063,-352.263589322567,-0.01308926846832037,-309.51550421118736,-316.3393765091896,-0.013848535716533661,-309.5067065358162,-285.4028584957123,-0.015892857685685158,-309.4950093626976,-266.44279408454895,-0.01826976239681244,-307.5178413391113,-266.3930439352989,0.01664327271282673,-306.51970875263214,-257.46228647232056,0.012781994417309761,-306.51843133568764,-235.50721967220306,0.005334554240107536,-306.5156477689743,-216.54679569602013,-0.0011255977442488074,-306.49627643823624,-216.40076994895935,0.014738872647285461,-306.5009487569332,-216.47538822889328,0.014795128256082535,-306.5023426115513,-216.5235577225685,0.0023659844882786274,-306.5031731426716,-206.56809395551682,-0.009160593152046204,-306.4741193652153,-206.3979525566101,0.008724487386643887,-306.47723400592804,-206.46669328212738,0.0051161679439246655,-306.47853577136993,-206.51055264472961,-0.009886802174150944,-306.47987872362137,-206.548298060894,-0.0217442624270916,-306.44993257522583,-206.38681715726852,-4.564333357848227e-05,-306.4512468576431,-206.4406241774559,-0.005386768840253353,-306.45030242204666,-206.4735575914383,-0.01541012804955244,-306.45039945840836,-206.50254648923874,-0.02401246502995491,b,,
35,-359.43696385622025,-350.2667890191078,2.4732935699489644e-09,-333.4779103398323,-333.30276709795,-0.023257985711097717,-319.49890637397766,-299.37408196926117,-0.028472213074564934,-319.48499858379364,-270.4352999329567,-0.032991938292980194,-319.4633029103279,-253.46937441825867,-0.03749960660934448,-319.49446988105774,-253.43591380119324,0.005980066955089569,-319.49717408418655,-236.50425571203232,-0.00010756815026979893,-319.4961258172989,-215.54812896251678,-0.008747491985559464,-319.4935902953148,-197.58717268705368,-0.015864428132772446,-319.4697692990303,-197.44281142950058,0.008433027192950249,-319.4730677008629,-197.51708209514618,0.007113135885447264,-319.4754177927971,-197.56381195783615,-0.005994773004204035,-319.47739696502686,-188.6061955690384,-0.017788762226700783,-319.44636023044586,-188.43783158063889,0.006030009128153324,-319.4488229751587,-188.506069034338,0.0005925293662585318,-319.4525431394577,-188.54908281564713,-0.015608244575560093,-319.4563319683075,-188.5858417749405,-0.027861585840582848,-319.42202043533325,-188.42361211776733,0.0001542215613881126,-319.42443203926086,-188.47711622714996,-0.0073744626715779305,-319.42706483602524,-188.50939646363258,-0.01826373115181923,-319.4303397536278,-188.5377655029297,-0.0270526185631752,b,,
36,-363.4306238293648,-351.26530373096466,2.4806714460368084e-09,-337.4705451130867,-335.2995434999466,-0.02579609490931034,-324.49143981933594,-301.3701038956642,-0.03192180022597313,-324.4758377671242,-272.43104338645935,-0.03669726103544235,-324.4527380466461,-255.46483421325684,-0.041365787386894226,-324.48835694789886,-255.43214571475983,0.0027218603063374758,-324.4916207790375,-238.5005623102188,-0.0036169993691146374,-324.49074506759644,-218.54345124959946,-0.011782360263168812,-324.48860889673233,-199.58139383792877,-0.01840117760002613,-324.4628643989563,-199.4401113986969,0.006774963345378637,-324.46625620126724,-199.51553797721863,0.005393624771386385,-324.4693965911865,-199.56237119436264,-0.007246505934745073,-324.47226256132126,-188.60456800460815,-0.01864217035472393,-324.43911081552505,-188.43558144569397,0.0058769360184669495,-324.44209784269333,-188.50551438331604,5.107682227389887e-05,-324.44739520549774,-188.5498145222664,-0.01638146862387657,-324.4524985551834,-188.5878633260727,-0.028698628768324852,-324.4147134423256,-188.42124563455582,0.0014165319735184312,-324.4176307916641,-188.47520244121552,-0.00645691342651844,-324.42145496606827,-188.5077557861805,-0.01749923825263977,-324.42554610967636,-188.5365355014801,-0.02632148377597332,b,,
37,-364.42926704883575,-350.26727306842804,2.3902106960349556e-09,-338.46979850530624,-333.3022211790085,-0.02645820938050747,-324.49063432216644,-300.3713617324829,-0.033217959105968475,-324.4754278063774,-271.43224000930786,-0.03886992484331131,-324.45299500226974,-254.46775728464127,-0.044360965490341187,-324.4861200451851,-254.43432193994522,0.004759613424539566,-324.4883922934532,-238.5018805861473,-0.0016237787203863263,-324.4865995645523,-217.54457527399063,-0.010392322205007076,-324.48357850313187,-199.58272290229797,-0.017586488276720047,-324.46049332618713,-199.4417640566826,0.008517645299434662,-324.4631690979004,-199.51666286587715,0.006845772732049227,-324.4648747444153,-199.56379687786102,-0.006846592295914888,-324.4665090441704,-188.60615107417107,-0.018914535641670227,-324.4366608262062,-188.4368760585785,0.007007438223809004,-324.43906646966934,-188.5057551264763,0.0009700232767499983,-324.442745923996,-188.54961371421814,-0.016230495646595955,-324.4467720389366,-188.58741107583046,-0.02903364598751068,-324.41184598207474,-188.42185109853745,0.0018239057390019298,-324.4145904779434,-188.47641092538834,-0.006291958037763834,-324.41737377643585,-188.50865572690964,-0.017742380499839783,-324.4207172393799,-188.5369455218315,-0.026811446994543076,b,,
38,-356.44080477952957,-351.2647569179535,2.4439115176022597e-09,-330.48255145549774,-334.3008994460106,-0.01639534719288349,-317.50285068154335,-300.37116086483,-0.01988232508301735,-317.4892017841339,-272.4293219447136,-0.02406136691570282,-317.46882516145706,-258.4601500630379,-0.028737198561429977,-317.4970183968544,-258.43278872966766,0.006621114909648895,-317.49867671728134,-239.49822825193405,-0.0006795563385821879,-317.49726939201355,-219.54061883687973,-0.009953700937330723,-317.4942275881767,-201.57848200201988,-0.017460478469729424,-317.47215539216995,-201.4409242272377,0.0047188107855618,-317.47438341379166,-201.51410335302353,0.0010292615042999387,-317.4761763215065,-201.56084007024765,-0.01273383665829897,-317.4771912097931,-190.60179194808006,-0.02499309554696083,-317.44815254211426,-190.43652868270874,-0.001161019317805767,-317.4502021074295,-190.50436854362488,-0.008397380821406841,-317.45367324352264,-190.54729843139648,-0.024512460455298424,-317.45680141448975,-190.5826875269413,-0.03672567382454872,-317.4235597252846,-190.42208123207092,-0.00989062711596489,-317.42537546157837,-190.47350525856018,-0.01855451613664627,-317.42759335041046,-190.50579249858856,-0.029474720358848572,-317.4302991628647,-190.53350540995598,-0.03838947042822838,b,,
39,-337.47136318683624,-359.24902379512787,2.1953721063283638e-09,-310.5134953856468,-339.29106056690216,-0.0047959983348846436,-300.52924382686615,-303.36567974090576,-0.005368345882743597,-300.5206904411316,-274.4251261949539,-0.009107330814003944,-300.50896713137627,-256.4643052816391,-0.013783492147922516,-300.5235684812069,-256.4282792210579,0.015160574577748775,-300.52424189448357,-241.49483215808868,0.006593056954443455,-300.52613589167595,-219.54125064611435,-0.005056170281022787,-300.52609089016914,-199.58167552947998,-0.01434849202632904,-300.5050892531872,-199.43280309438705,0.006862626411020756,-300.5064533650875,-199.506372153759,-0.00046325832954607904,-300.50974676012993,-199.55625569820404,-0.016833627596497536,-300.51252710819244,-191.59955221414566,-0.03052832931280136,-300.4849638938904,-191.42724364995956,-0.004409882705658674,-300.48550736904144,-191.49761897325516,-0.014264050871133804,-300.48731768131256,-191.5431071817875,-0.030326055362820625,-300.48945623636246,-191.57935690879822,-0.04234052076935768,-300.46289706230164,-191.41314601898193,-0.017613383010029793,-300.4626151919365,-191.467111825943,-0.027731282636523247,-300.4634546637535,-191.50160852074623,-0.03841608390212059,-300.46616965532303,-191.52994498610497,-0.04724789410829544,b,,
40,-310.5131191909313,-357.252226293087,1.0316972831603266e-09,-284.55336955189705,-338.2921459674835,-0.0073090181685984135,-273.5715851187706,-305.36081689596176,-0.010592411272227764,-273.5625454187393,-278.41769951581955,-0.016839750111103058,-273.5450167953968,-261.4525098800659,-0.023775171488523483,-273.5649968087673,-261.42927676439285,0.009820659644901752,-273.57118931412697,-239.49802935123444,-0.0003333993663545698,-271.57456064224243,-218.54318422079086,-0.011725780554115772,-270.57617446780205,-200.5808310508728,-0.020769428461790085,-270.54523169994354,-200.43559730052948,0.0009585741790942848,-270.5490131378174,-200.51491302251816,-0.007358987350016832,-270.5528769791126,-200.56610947847366,-0.02297438494861126,-270.5557953417301,-186.6095432639122,-0.03632613644003868,-270.5241831243038,-186.43030482530594,-0.011192330159246922,-270.52626699209213,-186.5077354311943,-0.022382771596312523,-270.5291011929512,-186.55716615915298,-0.03851160407066345,-270.53067284822464,-186.59579038619995,-0.050671450793743134,-270.5010447204113,-186.41549009084702,-0.025415631011128426,-270.4991508126259,-186.47275483608246,-0.03729851916432381,-270.5011126101017,-186.5108418762684,-0.04851258173584938,-270.50310200452805,-186.54252272844315,-0.05768150836229324,b,,
41,-290.5440027117729,-361.24569660425186,1.138658500821066e-09,-261.59040808677673,-345.277712225914,-0.014967130497097969,-244.6158101260662,-310.3505485057831,-0.020226888358592987,-244.61205914616585,-279.41561794281006,-0.027240993455052376,-244.59624496102333,-258.4587432742119,-0.0351916067302227,-244.60800674557686,-258.42376559972763,0.005589858163148165,-244.6161622107029,-241.4942935705185,-0.005754215642809868,-242.61902847886086,-219.5414342880249,-0.01816800981760025,-242.6197533905506,-199.582129240036,-0.02806125022470951,-242.58627340197563,-199.4331573843956,-4.883119254373014e-05,-242.59311363101006,-199.51375809311867,-0.009735259227454662,-242.59669396281242,-199.5661328136921,-0.027460282668471336,-242.59909710288048,-185.6116786301136,-0.04220864176750183,-242.56381171941757,-185.4294867515564,-0.009733965620398521,-242.56768783926964,-185.50724095106125,-0.0237162746489048,-242.57122337818146,-185.55864688754082,-0.043074071407318115,-242.57361617684364,-185.59921821951866,-0.056962352246046066,-242.54012060165405,-185.41438961029053,-0.021990295499563217,-242.5405322611332,-185.47307020425797,-0.037271663546562195,-242.543964356184,-185.51129353046417,-0.05122597515583038,-242.54732540249825,-185.54299247264862,-0.06192576512694359,b,,
42,-287.5496349334717,-359.249360203743,1.2045734409937836e-09,-255.59898123145103,-344.2809508442879,-0.023286042734980583,-236.6281901896,-308.35478949546814,-0.029677001759409904,-236.62340700626373,-275.4242199063301,-0.03635196015238762,-236.6043180525303,-255.46645706892014,-0.04280474781990051,-236.61858692765236,-255.43389695882797,0.009045960381627083,-236.62491643428802,-235.50732824206352,0.0021358728408813477,-236.62644413113594,-212.55417469143867,-0.006947147659957409,-236.6254077553749,-193.59463635087013,-0.014559950679540634,-236.59486189484596,-193.44356322288513,0.008910019882023335,-236.60210406780243,-193.52399516105652,0.006924551445990801,-236.6056251525879,-193.5743674337864,-0.0066553461365401745,-236.60816764831543,-181.62040466070175,-0.018896248191595078,-236.57210314273834,-181.43896907567978,0.0033414452336728573,-236.57727003097534,-181.51278281211853,-0.0031892016995698214,-236.58120194077492,-181.5616443157196,-0.018925225362181664,-236.5846430659294,-181.6028904914856,-0.03097187913954258,-236.54764652252197,-181.42326176166534,-0.006104371976107359,-236.55158653855324,-181.48134928941727,-0.014951939694583416,-236.5542894601822,-181.51802650094032,-0.02560099959373474,-236.557313144207,-181.55020767450333,-0.0342387817800045,b,,
43,-281.557937502861,-357.25278502702713,8.516075622466701e-10,-249.60855212807655,-342.2840527892113,-0.025063691660761833,-230.63850912451744,-306.358567237854,-0.030928410589694977,-230.63375002145767,-273.4286667704582,-0.0366123728454113,-230.61462205648422,-252.4708877801895,-0.04214727133512497,-230.63288274407387,-252.439821600914,0.009884233586490154,-230.63831958174706,-232.51302054524422,0.003614872694015503,-230.6376041173935,-209.56075221300125,-0.00601870846003294,-230.63379022479057,-189.6024581193924,-0.01402876153588295,-230.60895922780037,-189.4489758014679,0.011219681240618229,-230.61529064178467,-189.52931141853333,0.009127306751906872,-230.61643168330193,-189.58014532923698,-0.006154958624392748,-230.61536866426468,-178.62591803073883,-0.019386358559131622,-230.585500061512,-178.4446706175804,0.007033172994852066,-230.58926317095757,-178.51892557740211,0.0002614353143144399,-230.59163585305214,-178.56799265742302,-0.01753072813153267,-230.5924479663372,-178.6086741387844,-0.030647175386548042,-230.5606571137905,-178.43053364753723,-0.0011167089687660336,-230.56469067931175,-178.48945313692093,-0.009991769678890705,-230.56635943055153,-178.52644768357277,-0.02192014455795288,-230.56739276647568,-178.55864489078522,-0.031351421028375626,b,,
44,-271.57456105947495,-356.255895614624,8.002320472932922e-10,-238.62568271160126,-340.28947681188583,-0.017032142728567123,-221.6525914669037,-305.3615009188652,-0.02146930992603302,-221.6447781920433,-274.42643517255783,-0.027233969420194626,-221.6257980465889,-256.46389746665955,-0.033112380653619766,-221.6462945342064,-256.4402260184288,0.010647385381162167,-221.65007400512695,-233.51152366399765,0.0023871283046901226,-221.64915177226067,-211.55788433551788,-0.008191323839128017,-221.64633113145828,-191.5979647040367,-0.01668587699532509,-221.62251436710358,-191.44832426309586,0.007043340243399143,-221.62729758024216,-191.52726489305496,0.0022202320396900177,-221.62780258059502,-191.57700181007385,-0.012827751226723194,-221.62679001688957,-180.6210131943226,-0.025764962658286095,-221.59925866127014,-180.44248616695404,-0.001232992159202695,-221.60254967212677,-180.5162976682186,-0.009747306816279888,-221.60392436385155,-180.56496861577034,-0.02576940320432186,-221.6038971543312,-180.60428309440613,-0.03767307475209236,-221.57471960783005,-180.42582166194916,-0.012819360010325909,-221.5768123269081,-180.4843055009842,-0.02272343449294567,-221.57753106951714,-180.52343732118607,-0.033604059368371964,-221.5784427523613,-180.55690848827362,-0.042348653078079224,b,,
45,-247.61231780052185,-361.24415850639343,9.76358549564793e-10,-209.67168721556664,-349.26889848709106,-0.03540094196796417,-187.70620268583298,-315.3406443595886,-0.046554166823625565,-187.69436302781105,-281.4119312763214,-0.05624079331755638,-187.66600382328033,-259.4566594362259,-0.06581518054008484,-187.70158353447914,-259.43374902009964,1.983316906262189e-05,-187.69466730952263,-233.51112365722656,-0.01124169398099184,-187.68665006756783,-211.5580251812935,-0.02468755654990673,-187.67971667647362,-192.59684443473816,-0.03506007790565491,-187.67067471146584,-192.44503104686737,0.00418869499117136,-187.66441556811333,-192.5284797847271,-0.002963631646707654,-187.65857702493668,-192.5767765045166,-0.022504320368170738,-187.65354558825493,-181.6188484430313,-0.0382586345076561,-187.6407840847969,-181.4392318725586,0.0018536156276240945,-187.6360558271408,-181.51566416025162,-0.01013135351240635,-187.63210827112198,-181.56431621313095,-0.0319940559566021,-187.62833270430565,-181.60272669792175,-0.04717038944363594,-187.60985499620438,-181.420341193676,-0.005234420299530029,-187.60616400837898,-181.4796206355095,-0.018716730177402496,-187.6031318306923,-181.51884385943413,-0.033407192677259445,-187.6005806028843,-181.55267125368118,-0.04431987926363945,b,,
46,-241.6204900443554,-360.2477810382843,-5.557114213239345e-10,-204.67927247285843,-347.27369207143784,-0.0380682609975338,-179.71744006872177,-313.3457514643669,-0.04804164543747902,-179.7118336558342,-276.42133235931396,-0.05596901848912239,-179.68311077356339,-254.4680818915367,-0.06345761567354202,-179.71343794465065,-254.43547904491425,0.0031829390209168196,-179.71228432655334,-232.51295587420464,-0.005900264717638493,-179.70509845018387,-209.56220829486847,-0.018636556342244148,-179.69650906324387,-189.60400211811066,-0.028996676206588745,-179.68457907438278,-189.44864720106125,0.009245829656720161,-179.68335276842117,-189.53261411190033,0.00504831550642848,-179.6776177585125,-189.58462965488434,-0.01536027155816555,-179.6709907054901,-175.63140094280243,-0.032438091933727264,-179.6557773053646,-175.44472002983093,0.008307389914989471,-179.65446746349335,-175.52082043886185,-0.0021167537197470665,-179.65116155147552,-175.57200598716736,-0.0260721854865551,-179.6461023390293,-175.61415308713913,-0.04310476407408714,-179.62474155426025,-175.42766124010086,0.0024416714441031218,-179.62534940242767,-175.4885082244873,-0.010804961435496807,-179.6230560541153,-175.5282622873783,-0.026894111186265945,-179.6186937391758,-175.56197321414948,-0.038959335535764694,b,,
47,-223.64977297186852,-363.2414627671242,-8.505138260339606e-10,-186.7070994079113,-346.2753095626831,-0.01563347317278385,-164.74194812774658,-309.35253888368607,-0.02060638554394245,-164.7398643195629,-275.4245719909668,-0.028221607208251953,-164.71507912874222,-253.46923756599426,-0.036811523139476776,-164.73357313871384,-253.43532609939575,0.010847648605704308,-164.73442819714546,-233.51188504695892,-0.0003990836557932198,-164.73155623674393,-208.5640593767166,-0.014238218776881695,-164.72733959555626,-186.6092346906662,-0.02559344843029976,-164.7080070078373,-186.44665545225143,0.003321631345897913,-164.70793116092682,-186.5339521765709,-0.004797542467713356,-164.7055082321167,-186.5901392698288,-0.024569107219576836,-164.7030673623085,-172.6394044160843,-0.04156403988599777,-164.68098902702332,-172.4426001906395,-0.008935017511248589,-164.683104544878,-172.52634033560753,-0.021143659949302673,-164.6823734343052,-172.58238244056702,-0.042014025151729584,-164.68108242750168,-172.62757521867752,-0.05787580460309982,-164.65197330713272,-172.4261674284935,-0.024370113387703896,-164.65382426977158,-172.4912132024765,-0.03847837075591087,-164.65454533696175,-172.5358266234398,-0.05298944190144539,-164.65517488121986,-172.57393205165863,-0.06475226581096649,b,,
48,-220.65445759892464,-363.24010813236237,8.761691372427549e-10,-179.71720951795578,-349.2695949077606,-0.03538128361105919,-153.75796906650066,-310.35127675533295,-0.04398047924041748,-153.7557297050953,-270.4343093633652,-0.05166206136345863,-153.72890546917915,-245.48549622297287,-0.05920352786779404,-153.75333309173584,-245.4422208070755,0.010316042229533195,-153.75475844740868,-227.52435117959976,0.002004999900236726,-153.75013555586338,-201.57880157232285,-0.011225086636841297,-153.74391788244247,-178.62608388066292,-0.021908411756157875,-153.72627407312393,-178.4564874768257,0.01453367993235588,-153.73009154200554,-178.54479241371155,0.012363703921437263,-153.72854140400887,-178.59979423880577,-0.007785280235111713,-153.7260293662548,-166.65072026848793,-0.025179656222462654,-153.69847053289413,-166.454863011837,0.01144491694867611,-153.70196735858917,-166.53761792182922,0.003234301460906863,-153.7012424170971,-166.59398317337036,-0.019733622670173645,-153.69851496815681,-166.6398537158966,-0.03689388930797577,-153.66809332370758,-166.44186294078827,0.0031686003785580397,-153.67084056138992,-166.50928664207458,-0.007912149652838707,-153.66889828443527,-166.55324533581734,-0.022844713181257248,-153.66585823893547,-166.59016498923302,-0.0347430519759655,b,,
49,-212.66617792844772,-362.24217116832733,4.943442322158376e-10,-170.73190674185753,-347.2739047408104,-0.02472231723368168,-142.77518251538277,-308.3559458255768,-0.03291290998458862,-140.77880284190178,-269.43749463558197,-0.04243924468755722,-140.75570356845856,-243.48987424373627,-0.05264643207192421,-140.76753029227257,-243.45248818397522,0.002888474380597472,-140.77091799676418,-219.54073107242584,-0.012022323906421661,-140.77094665169716,-191.59886106848717,-0.02701781690120697,-140.76884329319,-167.64963454008102,-0.03900739178061485,-140.741252720356,-167.4650021791458,-0.0024554673582315445,-140.74551904201508,-167.56352627277374,-0.014434777200222015,-140.74631735682487,-167.6242309808731,-0.03544583544135094,-140.74628323316574,-152.6809997856617,-0.05298278480768204,-140.71347245573997,-152.45965296030045,-0.013719649985432625,-140.71944147348404,-152.55298525094986,-0.03216690570116043,-140.7238738834858,-152.6130510866642,-0.0556362047791481,-140.72610795497894,-152.6640406847,-0.0719865933060646,-140.68248036503792,-152.4387115240097,-0.02890784665942192,-140.68551602959633,-152.51588907837868,-0.04930713400244713,-140.68564647436142,-152.56444218754768,-0.06638795137405396,-140.68463212251663,-152.60576260089874,-0.07899163663387299,b,,
50,-204.6782350540161,-361.2455493211746,-1.706933039358205e-09,-154.7564421892166,-348.2713029384613,-0.046767234802246094,-122.80663084983826,-307.3573957681656,-0.06377965211868286,-122.7972117960453,-262.45192927122116,-0.07871268689632416,-122.76302988827229,-232.51273199915886,-0.09377796947956085,-122.80264165997505,-232.49083769321442,-0.011178452521562576,-122.80750119686127,-194.5934463739395,-0.02933414652943611,-122.80319882929325,-161.66118663549423,-0.04863346368074417,-122.79692502319813,-132.7222841978073,-0.06359325349330902,-122.76599191129208,-132.50762084126472,-0.007097011897712946,-122.7736437767744,-132.6169751882553,-0.019032848998904228,-122.77226327359676,-132.6874203979969,-0.04381966590881348,-122.76907120645046,-117.75280717015266,-0.06494475156068802,-122.72862580418587,-117.50076028704643,-0.01097154151648283,-122.73348131775856,-117.60050338506699,-0.02849460020661354,-122.73332026600838,-117.66847151517868,-0.05553139001131058,-122.73132166266441,-117.72593301534653,-0.07525015622377396,-122.68798851966858,-117.47441172599792,-0.021181032061576843,-122.69255459308624,-117.55260652303696,-0.040802065283060074,-122.69432884454727,-117.6029925942421,-0.05977245420217514,-122.69505888223648,-117.64689606428146,-0.07434642314910889,b,,
51,-228.64193028211594,-368.22982639074326,1.7984804756565609e-09,-167.7374974489212,-350.26709455251694,-0.03493829816579819,-131.79322662949562,-302.3675927519798,-0.043743718415498734,-131.78433422744274,-254.4669303894043,-0.05359528213739395,-131.75158561766148,-223.53188782930374,-0.06430987268686295,-131.79100516438484,-223.4886096715927,0.016341760754585266,-131.78448255360126,-193.59528452157974,0.0021938143763691187,-131.7755666077137,-158.6668900847435,-0.01886003278195858,-131.7673733830452,-127.73141580820084,-0.03565569594502449,-131.7496938109398,-127.50388246774673,0.015167566947638988,-131.75005716085434,-127.61238673329353,0.005913543980568647,-131.7465078830719,-127.6849544942379,-0.02414885349571705,-131.74530628323555,-118.75154435634613,-0.049425721168518066,-131.70805883407593,-118.49727576971054,0.005602702032774687,-131.71213829517365,-118.59613728523254,-0.011388717219233513,-131.71271309256554,-118.66754078865051,-0.04489411041140556,-131.71549120545387,-118.72652405500412,-0.06900991499423981,-131.66359531879425,-118.47255194187164,-0.009417288936674595,-131.66937536001205,-118.55469363927841,-0.028828902170062065,-131.6685222685337,-118.60922259092331,-0.05105376988649368,-131.67057472467422,-118.65346044301987,-0.0685705840587616,b,,
52,-270.57591861486435,-397.17000460624695,2.645663133016285e-10,-219.65513956546783,-366.2341731786728,-0.005039398558437824,-194.694854170084,-310.3504051566124,-0.010162926279008389,-194.68571588397026,-265.44423162937164,-0.022429166361689568,-194.65416577458382,-240.49701708555222,-0.03719843924045563,-194.67797249555588,-240.47629874944687,0.012463411316275597,-194.6809687614441,-195.58998581767082,-0.010486447252333164,-194.68121629953384,-158.66871696710587,-0.03449312597513199,-194.67752066254616,-125.73747301101685,-0.053133320063352585,-194.64749985933304,-125.47962951660156,-0.009654884226620197,-194.65438240766525,-125.60148668289185,-0.030486678704619408,-194.65795037150383,-125.68211299180984,-0.06039167195558548,-194.6582794189453,-116.75585073232651,-0.08528600633144379,-194.61261850595474,-116.46361547708511,-0.03651466965675354,-194.61753904819489,-116.58075398206711,-0.06112317740917206,-194.62252032756805,-116.65877467393875,-0.09031133353710175,-194.62546083331108,-116.72169962525368,-0.11183305829763412,-194.5744971036911,-116.4319549202919,-0.06638351827859879,-194.57422778010368,-116.5248544216156,-0.0910215899348259,-194.57747527956963,-116.587557554245,-0.11200713366270065,-194.5813252031803,-116.63997077941895,-0.12910659611225128,b,,
53,-301.526982575655,-412.13764441013336,-1.2692099593536454e-09,-253.6027054488659,-389.18661201000214,-0.06472747772932053,-223.6487736105919,-333.3036393523216,-0.092257559299469,-223.63061529397964,-278.4187035560608,-0.11588171869516373,-223.59184902906418,-243.49156284332275,-0.1394430547952652,-223.64183619618416,-243.45872724056244,-0.026584384962916374,-223.6497125029564,-194.591726064682,-0.051529303193092346,-223.6453368961811,-154.67539557814598,-0.07479780912399292,-223.63787838816643,-119.74877569079399,-0.09313654899597168,-223.59554865956306,-119.47383099794388,-0.019857054576277733,-223.60206726193428,-119.62069380283356,-0.035863034427165985,-223.60071060061455,-119.71206292510033,-0.06574433296918869,-223.5988728404045,-97.79563826322556,-0.09157443046569824,-223.55132552981377,-97.46040958166122,-0.02307276986539364,-223.55305561423302,-97.59168526530266,-0.044367704540491104,-223.55167508125305,-97.67817932367325,-0.07743986696004868,-223.54990616440773,-97.75319841504097,-0.10240249335765839,-223.5047735273838,-97.42244577407837,-0.0343831330537796,-223.5034885108471,-97.52536857128143,-0.058321598917245865,-223.5036997795105,-97.58960530161858,-0.08183958381414413,-223.5039085149765,-97.64727422595024,-0.10037440061569214,b,,
54,-307.51823541522026,-420.1227741241455,-2.8485731135008407e-11,-259.59354761242867,-394.17695051431656,-0.05752582475543022,-230.6386722922325,-337.29529869556427,-0.08164018392562866,-230.6231005191803,-282.40985679626465,-0.10294687002897263,-230.58636808395386,-247.4816637635231,-0.12467934191226959,-230.6329002380371,-247.4468845129013,-0.023621484637260437,-228.64151471853256,-202.57618188858032,-0.04989513009786606,-228.6381897032261,-161.6608703136444,-0.0743689239025116,-228.63195264339447,-125.73595407605171,-0.0933881551027298,-228.58687821030617,-125.4630196094513,-0.020728381350636482,-228.5923537015915,-125.60988458991051,-0.040183812379837036,-228.59072563052177,-125.70269519090652,-0.07224808633327484,-228.5891002714634,-100.78791472315788,-0.09929975122213364,-228.5418465733528,-100.4501182436943,-0.0269071776419878,-228.54425704479218,-100.58440953493118,-0.051685135811567307,-228.5444257259369,-100.67261025309563,-0.0869433805346489,-228.54387858510017,-100.74896991252899,-0.11285178363323212,-228.49453055858612,-100.41319054365158,-0.04028632119297981,-228.49331414699554,-100.51598823070526,-0.06672368943691254,-228.49360674619675,-100.58119958639145,-0.09185535460710526,-228.49380189180374,-100.63990998268127,-0.11133691668510437,b,,
